,Player,CapHit
2,Connor McDavid, 12500000
3,John Tavares, 11000000
4,Carey Price, 10500000
5,Jonathan Toews, 10500000
6,Patrick Kane, 10500000
7,William Nylander, 10277778
8,Anze Kopitar, 10000000
9,Jack Eichel, 10000000
10,Alexander Ovechkin, 9538462
11,Evgeni Malkin, 9500000
12,Jamie Benn, 9500000
13,P.K. Subban, 9000000
14,Sidney Crosby, 8700000
15,Corey Perry, 8625000
16,Leon Draisaitl, 8500000
17,Henrik Lundqvist, 8500000
18,Steven Stamkos, 8500000
19,Claude Giroux, 8275000
20,Ryan Getzlaf, 8250000
21,Jakub Voracek, 8250000
22,Ryan Johansen, 8000000
23,Phil Kessel, 8000000
24,John Carlson, 8000000
25,Brent Burns, 8000000
26,Victor Hedman, 7875000
27,Shea Weber, 7857143
28,Evgeny Kuznetsov, 7800000
29,Dustin Byfuglien, 7600000
30,Ryan Suter, 7538462
31,Zach Parise, 7538462
32,Aaron Ekblad, 7500000
33,Jason Spezza, 7500000
34,Vladimir Tarasenko, 7500000
35,Ryan O'Reilly, 7500000
36,Sergei Bobrovsky, 7425000
37,Mark Stone, 7350000
38,David Krejci, 7250000
39,Kristopher Letang, 7250000
40,Bobby Ryan, 7250000
41,Drew Doughty, 7000000
42,Marc-Edouard Vlasic, 7000000
43,James Van Riemsdyk, 7000000
44,Pekka Rinne, 7000000
45,Tuukka Rask, 7000000
46,Evander Kane, 7000000
47,Dion Phaneuf, 7000000
48,Ryan Kesler, 6875000
49,Brent Seabrook, 6875000
50,Patrice Bergeron, 6875000
51,Johnny Gaudreau, 6750000
52,Mark Giordano, 6750000
53,Nicklas Backstrom, 6700000
54,David Pastrnak, 6666666
55,Kevin Shattenkirk, 6650000
56,Cam Fowler, 6500000
57,Erik Karlsson, 6500000
58,Paul Stastny, 6500000
59,Alex Pietrangelo, 6500000
60,Derek Stepan, 6500000
61,Sean Monahan, 6375000
62,Keith Yandle, 6350000
63,Nathan MacKinnon, 6300000
64,Patrick Marleau, 6250000
65,Alexander Radulov, 6250000
66,Ilya Kovalchuk, 6250000
67,Connor Hellebuyck, 6166666
68,Brad Marchand, 6125000
69,Mark Scheifele, 6125000
70,Dylan Larkin, 6100000
71,Braden Holtby, 6100000
72,Henrik Zetterberg, 6083333
73,Johnny Boychuk, 6000000
74,Matt Duchene, 6000000
75,Nikolaj Ehlers, 6000000
76,Artemi Panarin, 6000000
77,Corey Crawford, 6000000
78,Cory Schneider, 6000000
79,David Backes, 6000000
80,Erik Johnson, 6000000
81,Filip Forsberg, 6000000
82,Joe Pavelski, 6000000
83,Jordan Eberle, 6000000
84,Jordan Staal, 6000000
85,Kyle Okposo, 6000000
86,Kyle Turris, 6000000
87,Logan Couture, 6000000
88,Milan Lucic, 6000000
89,Ryan Nugent-Hopkins, 6000000
90,Taylor Hall, 6000000
91,Brandon Saad, 6000000
92,Matt Dumba, 6000000
93,Loui Eriksson, 6000000
94,Aleksander Barkov, 5900000
95,Jonathan Huberdeau, 5900000
96,Semyon Varlamov, 5900000
97,Cam Atkinson, 5875000
98,Dustin Brown, 5875000
99,Brandon Dubinsky, 5850000
100,Jonathan Quick, 5800000
101,Ryan Callahan, 5800000
102,T.J. Oshie, 5750000
103,Alexander Steen, 5750000
104,Travis Zajac, 5750000
105,Tyler Seguin, 5750000
106,Martin Jones, 5750000
107,Dougie Hamilton, 5750000
108,James Neal, 5750000
109,Marc-André Fleury, 5750000
110,Matt Niskanen, 5750000
111,Mikael Granlund, 5750000
112,Jeff Skinner, 5725000
113,Marc Staal, 5700000
114,Mike Smith, 5666667
115,Tomas Hertl, 5625000
116,Blake Wheeler, 5600000
117,Jason Pominville, 5600000
118,Gabriel Landeskog, 5571428
119,Duncan Keith, 5538462
120,Bo Horvat, 5500000
121,Oliver Ekman-Larsson, 5500000
122,Colton Parayko, 5500000
123,Mikko Koivu, 5500000
124,Andrej Sekera, 5500000
125,Dave Bolland, 5500000
126,Jacob Trouba, 5500000
127,Jonathan Drouin, 5500000
128,Nick Foligno, 5500000
129,Nick Leddy, 5500000
130,Tyson Barrie, 5500000
131,Jason Zucker, 5500000
132,Justin Schultz, 5500000
133,Jeff Petry, 5500000
134,Tyler Myers, 5500000
135,Andrew Ladd, 5500000
136,Alex Goligoski, 5475000
137,Jay Bouwmeester, 5400000
138,Rasmus Ristolainen, 5400000
139,Seth Jones, 5400000
140,Mike Green, 5375000
141,Mika Zibanejad, 5350000
142,Jaden Schwartz, 5350000
143,Mikael Backlund, 5350000
144,Roberto Luongo, 5333333
145,Ondrej Palat, 5300000
146,Tomas Tatar, 5300000
147,Jaccob Slavin, 5300000
148,Patric Hornqvist, 5300000
149,Nathan Horton, 5300000
150,Jimmy Howard, 5291667
151,Bryan Little, 5291666
152,Marian Hossa, 5275000
153,Jeff Carter, 5272727
154,Nino Niederreiter, 5250000
155,Torey Krug, 5250000
156,Frans Nielsen, 5250000
157,J.T. Miller, 5250000
158,William Karlsson, 5250000
159,Brady Skjei, 5250000
160,David Clarkson, 5250000
161,Hampus Lindholm, 5205556
162,Shea Theodore, 5200000
163,Mike Hoffman, 5187500
164,Jared Spurgeon, 5187500
165,Tom Wilson, 5166666
166,Zach Bogosian, 5142857
167,Kevin Hayes, 5125000
168,Brayden Schenn, 5125000
169,Dmitry Orlov, 5100000
170,Jonathan Audy-Marchessault, 5000000
171,Josh Bailey, 5000000
172,Tyler Johnson, 5000000
173,Andrew MacDonald, 5000000
174,Tyler Bozak, 5000000
175,Andy Greene, 5000000
176,Danny DeKeyser, 5000000
177,Frederik Andersen, 5000000
178,Joe Thornton, 5000000
179,Morgan Rielly, 5000000
180,Reilly Smith, 5000000
181,Zdeno Chara, 5000000
182,Alexander Edler, 5000000
183,Matt Moulson, 5000000
184,Derick Brassard, 5000000
185,Noah Hanifin, 4950000
186,Ben Bishop, 4916667
187,Alex Galchenyuk, 4900000
188,Marc Methot, 4900000
189,Alexander Wennberg, 4900000
190,Sami Vatanen, 4875000
191,Marian Gaborik, 4875000
192,Michael Matheson, 4875000
193,Elias Lindholm, 4850000
194,Justin Faulk, 4833333
195,Nikita Kucherov, 4766666
196,Craig Anderson, 4750000
197,Gustav Nyquist, 4750000
198,Carl Soderberg, 4750000
199,Martin Hanzal, 4750000
200,Vincent Trocheck, 4750000
201,Niklas Kronwall, 4750000
202,Ryan McDonagh, 4700000
203,Jori Lehtera, 4700000
204,T.J. Brodie, 4650400
205,Kyle Palmieri, 4650000
206,Clarke MacArthur, 4650000
207,Karl Alzner, 4625000
208,Chris Kreider, 4625000
209,Tyler Toffoli, 4600000
210,Marcus Johansson, 4583333
211,Artem Anisimov, 4550000
212,Calvin de Haan, 4550000
213,Shayne Gostisbehere, 4500000
214,Max Pacioretty, 4500000
215,Anton Stralman, 4500000
216,Jason Demers, 4500000
217,Mats Zuccarello, 4500000
218,Justin Williams, 4500000
219,Vadim Shipachyov, 4500000
220,Nazem Kadri, 4500000
221,Nikita Zaitsev, 4500000
222,Alexander Killorn, 4450000
223,Chris Tanev, 4450000
224,Brandon Sutter, 4375000
225,Brendan Smith, 4350000
226,Jake Allen, 4350000
227,Devan Dubnyk, 4333333
228,Dmitry Kulikov, 4333333
229,Sean Couturier, 4333333
230,Cody Ceci, 4300000
231,Michael Frolik, 4300000
232,Ian Cole, 4250000
233,David Savard, 4250000
234,Craig Smith, 4250000
235,John Klingberg, 4250000
236,Brock Nelson, 4250000
237,Jonathan Ericsson, 4250000
238,Justin Abdelkader, 4250000
239,Viktor Arvidsson, 4250000
240,Antti Raanta, 4250000
241,Oscar Klefbom, 4167000
242,Jonas Brodin, 4166667
243,Slava Voynov, 4166667
244,Adam Larsson, 4166666
245,Cameron Talbot, 4166666
246,Damon Severson, 4166666
247,Scott Darling, 4150000
248,Mathieu Perreault, 4125000
249,Nick Bjugstad, 4100000
250,Brian Dumoulin, 4100000
251,Nick Bonino, 4100000
252,Niklas Hjalmarsson, 4100000
253,Josh Manson, 4100000
254,Olli Maatta, 4083300
255,Jake Gardiner, 4050000
256,Brett Pesce, 4025000
257,Adam Henrique, 4000000
258,Roman Josi, 4000000
259,David Perron, 4000000
260,Kris Russell, 4000000
261,Marco Scandella, 4000000
262,Jake Muzzin, 4000000
263,Alec Martinez, 4000000
264,Carl Hagelin, 4000000
265,Mikkel Boedker, 4000000
266,Ryan Spooner, 4000000
267,Victor Rask, 4000000
268,Erik Gudbranson, 4000000
269,Vladislav Namestnikov, 4000000
270,Evgeny Dadonov, 4000000
271,Wayne Simmonds, 3975000
272,Johan Franzen, 3954545
273,Colin Wilson, 3937500
274,Andrew Shaw, 3900000
275,Colin Miller, 3875000
276,Travis Hamonic, 3857143
277,Patrik Berglund, 3850000
278,Connor Murphy, 3850000
279,Cody Eakin, 3850000
280,Darren Helm, 3850000
281,Matt Beleskey, 3800000
282,Justin Braun, 3800000
283,Rickard Rakell, 3789444
284,Anders Lee, 3750000
285,Boone Jenner, 3750000
286,Tanner Pearson, 3750000
287,Jakob Silfverberg, 3750000
288,Matt Murray, 3750000
289,Mattias Ekholm, 3750000
290,Brendan Gallagher, 3750000
291,Braydon Coburn, 3700000
292,Jacob Markstrom, 3666667
293,Sam Reinhart, 3650000
294,Cal Clutterbuck, 3500000
295,Andrei Vasilevskiy, 3500000
296,Bryan Rust, 3500000
297,Eric Staal, 3500000
298,Lars Eller, 3500000
299,Michael Stone, 3500000
300,Vladimir Sobotka, 3500000
301,James Reimer, 3400000
302,Brandon Montour, 3387500
303,Sven Baertschi, 3366666
304,Casey Cizikas, 3350000
305,Radko Gudas, 3350000
306,Michael Grabner, 3350000
307,Philipp Grubauer, 3333333
308,Jamie McGinn, 3333333
309,Thomas Greiss, 3333333
310,Anthony Mantha, 3300000
311,Brenden Dillon, 3270000
312,Andrew Cogliano, 3250000
313,Zack Smith, 3250000
314,Jack Johnson, 3250000
315,Charlie Coyle, 3200000
316,Darnell Nurse, 3200000
317,Trevor Daley, 3166667
318,Sam Gagner, 3150000
319,Josh Morrissey, 3150000
320,Patrick Eaves, 3150000
321,Max Domi, 3150000
322,Derek Ryan, 3125000
323,Jean-Gabriel Pageau, 3100000
324,Ryan Strome, 3100000
325,Phillip Danault, 3083333
326,Marcus Kruger, 3083333
327,Andre Burakovsky, 3000000
328,Cam Ward, 3000000
329,Conor Sheary, 3000000
330,Joel Edmundson, 3000000
331,Jonathan Bernier, 3000000
332,Leo Komarov, 3000000
333,Michael Del Zotto, 3000000
334,Ron Hainsey, 3000000
335,Thomas Vanek, 3000000
336,Andreas Athanasiou, 3000000
337,Daniel Girardi, 3000000
338,Antoine Roussel, 3000000
339,Jay Beagle, 3000000
340,Valeri Nichushkin, 2950000
341,Chris Tierney, 2937500
342,Adam Lowry, 2916667
343,Carl Gunnarsson, 2900000
344,Marcus Foligno, 2875000
345,Teuvo Teravainen, 2860000
346,Matt Calvert, 2850000
347,Ryan Murray, 2825000
348,Richard Panik, 2800000
349,Ben Hutton, 2800000
350,Ryan Reaves, 2775000
351,Jaroslav Halak, 2750000
352,John Moore, 2750000
353,Brian Elliott, 2750000
354,Carter Hutton, 2750000
355,Erik Haula, 2750000
356,Riley Nash, 2750000
357,Valtteri Filppula, 2750000
358,Brian Boyle, 2750000
359,Miles Wood, 2750000
360,Adam McQuaid, 2750000
361,Mark Pysyk, 2733333
362,Markus Nutivaara, 2700000
363,Ben Lovejoy, 2666666
364,Derek Dorsett, 2650000
365,Ondrej Kase, 2600000
366,Derek Forbort, 2525000
367,Ryan Ellis, 2500000
368,Brayden McNabb, 2500000
369,Anton Khudobin, 2500000
370,Kevan Miller, 2500000
371,Matt Martin, 2500000
372,Michal Neuvirth, 2500000
373,Oliver Bjorkstrand, 2500000
374,Patrik Nemeth, 2500000
375,Thomas Hickey, 2500000
376,Anders Nilsson, 2500000
377,Mikko Koskinen, 2500000
378,Michal Kempny, 2500000
379,Blake Comeau, 2400000
380,Mike Condon, 2400000
381,Nathan Beaulieu, 2400000
382,Dale Weise, 2350000
383,Michael Raffl, 2350000
384,Stephen Johns, 2350000
385,Troy Stecher, 2325000
386,John Gibson, 2300000
387,Mattias Janmark-Nylen, 2300000
388,Devin Shore, 2300000
389,Trevor Van Riemsdyk, 2300000
390,Jan Rutta, 2300000
391,Jimmy Vesey, 2275000
392,Matt Hunwick, 2250000
393,Tomas Plekanec, 2250000
394,Brandon Manning, 2250000
395,Zach Hyman, 2250000
396,Greg Pateryn, 2250000
397,Nate Schmidt, 2225000
398,Nick Holden, 2200000
399,Esa Lindell, 2200000
400,Radek Faksa, 2200000
401,Nikita Zadorov, 2150000
402,Jamie Oleksiak, 2137500
403,Connor Brown, 2100000
404,David Schlemko, 2100000
405,Riley Sheahan, 2100000
406,Calle Jarnkrok, 2000000
407,Melker Karlsson, 2000000
408,Ryan Miller, 2000000
409,Tobias Rieder, 2000000
410,Trevor Lewis, 2000000
411,Ryan Pulock, 2000000
412,Matthew Nieto, 1975000
413,Zack Kassian, 1950000
414,Alexander Petrovic, 1950000
415,Sam Bennett, 1950000
416,Aaron Dell, 1900000
417,Joonas Donskoi, 1900000
418,Matt Benning, 1900000
419,Tim Schaller, 1900000
420,Jesper Fast, 1850000
421,Joel Armia, 1850000
422,Josh Anderson, 1850000
423,Darcy Kuemper, 1850000
424,Ryan Dzingel, 1800000
425,Luke Glendening, 1800000
426,Jordan Martinook, 1800000
427,Blake Coleman, 1800000
428,Brett Ritchie, 1750000
429,Chad Johnson, 1750000
430,Jordan Weal, 1750000
431,Micheal Ferland, 1750000
432,Patrick Maroon, 1750000
433,Stefan Noesen, 1725000
434,Oscar Lindberg, 1700000
435,Mark Jankowski, 1675000
436,Nate Thompson, 1650000
437,Kyle Clifford, 1600000
438,Jake McCabe, 1600000
439,Adam Pelech, 1600000
440,Zemgus Girgensons, 1600000
441,Nick Ritchie, 1533333
442,Brett Connolly, 1500000
443,Deryk Engelland, 1500000
444,Drake Caggiula, 1500000
445,Juuse Saros, 1500000
446,Luca Sbisa, 1500000
447,Petr Mrazek, 1500000
448,Vinnie Hinostroza, 1500000
449,Robin Lehner, 1500000
450,Johan Larsson, 1475000
451,Markus Granlund, 1475000
452,Mark Barberio, 1450000
453,Pierre-Edouard Bellemare, 1450000
454,Scott Mayfield, 1450000
455,Steven Santini, 1416667
456,Ben Chiarot, 1400000
457,Sven Andrighetto, 1400000
458,Matthew Grzelcyk, 1400000
459,Tyler Bertuzzi, 1400000
460,Jon Merrill, 1375000
461,Kevin Connauton, 1375000
462,Derek MacKenzie, 1375000
463,Andrej Sustr, 1300000
464,Connor Carrick, 1300000
465,Michael Hutchinson, 1300000
466,Roman Polak, 1300000
467,Matthew Peca, 1300000
468,Sean Kuraly, 1275000
469,Dan Hamhuis, 1250000
470,Keith Kinkaid, 1250000
471,Chris Wagner, 1250000
472,Jake Virtanen, 1250000
473,Jared McCann, 1250000
474,Austin Czarnik, 1250000
475,Brad Richardson, 1250000
476,Colton Sceviour, 1200000
477,Mark Borowiecki, 1200000
478,Erik Gustafsson, 1200000
479,Erik Gustafsson, 1200000
480,Paul Byron, 1166666
481,Brandon Tanev, 1150000
482,Louis Domingue, 1150000
483,Robert Bortuzzo, 1150000
484,Kyle Brodziak, 1150000
485,Robert Hagg, 1150000
486,Carter Rowney, 1133333
487,Tom Pyatt, 1100000
488,Austin Watson, 1100000
489,Derrick Pouliot, 1100000
490,Dmitrij Jaskin, 1100000
491,Jordie Benn, 1100000
492,Al Montoya, 1062500
493,Martin Frk, 1050000
494,Scott Wilson, 1050000
495,Peter Budaj, 1025000
496,Andrew Copp, 1000000
497,Alex Johnston, 1000000
498,Brian Gibbons, 1000000
499,Brooks Orpik, 1000000
500,Cédric Paquette, 1000000
501,Chris Kunitz, 1000000
502,Chris Wideman, 1000000
503,Devante Smith-Pelly, 1000000
504,Eric Fehr, 1000000
505,Jakub Jerabek, 1000000
506,Joseph Morrow, 1000000
507,Nick Cousins, 1000000
508,Ross Johnston, 1000000
509,Yanni Gourde, 1000000
510,Joakim Nordstrom, 1000000
511,Madison Bowey, 1000000
512,Tyler Pitlick, 1000000
513,Scott Laughton, 962500
514,Tomas Nosek, 962500
515,Curtis Lazar, 950000
516,Antti Niemi, 950000
517,Gabriel Bourque, 950000
518,Nicolas Deslauriers, 950000
519,Nick Schmaltz, 925000
520,Frankie Vatrano, 925000
521,Ilya Lyubushkin, 925000
522,Joshua Leivo, 925000
523,Patrik Laine, 925000
524,Robby Fabbri, 925000
525,Adam Boqvist, 925000
526,Adam Johnson, 925000
527,Alex Iafallo, 925000
528,Alex Tuch, 925000
529,Alexander Alexeyev, 925000
530,Alexander Kerfoot, 925000
531,Alexei Bereglazov, 925000
532,Anders Bjork, 925000
533,Andreas Borgman, 925000
534,Andrei Mironov, 925000
535,Andrei Svechnikov, 925000
536,Andrew Oglevie, 925000
537,Antti Suomela, 925000
538,Auston Matthews, 925000
539,Barrett Hayton, 925000
540,Blake Hillman, 925000
541,Brady Tkachuk, 925000
542,Brandon Hagel, 925000
543,Brandon Hickey, 925000
544,Brayden Burke, 925000
545,Brock Boeser, 925000
546,Cal Foote, 925000
547,Cal Petersen, 925000
548,Calle Rosen, 925000
549,Carl Grundstrom, 925000
550,Carson Soucy, 925000
551,Casey Mittelstadt, 925000
552,Chris Nell, 925000
553,Christian Wolanin, 925000
554,Colin White, 925000
555,Colton Point, 925000
556,Conor Timmins, 925000
557,Cooper Marody, 925000
558,Daniel Brickley, 925000
559,David Kampf, 925000
560,David Pope, 925000
561,David Sklenicka, 925000
562,Dennis Cholowski, 925000
563,Dennis Gilbert, 925000
564,Dominic Toninato, 925000
565,Dominik Bokk, 925000
566,Dominik Kahun, 925000
567,Dylan Gambrell, 925000
568,Dylan Sikura, 925000
569,Eamon McAdam, 925000
570,Egor Yakovlev, 925000
571,Elias Pettersson, 925000
572,Eric Robinson, 925000
573,Erik Foley, 925000
574,Evan Bouchard, 925000
575,Filip Zadina, 925000
576,Gabriel Vilardi, 925000
577,Gavin Bayreuther, 925000
578,Henri Jokiharju, 925000
579,Henrik Borgström, 925000
580,Henrik Haapala, 925000
581,Hunter Miska, 925000
582,Ian McCoshen, 925000
583,Igor Ozhiganov, 925000
584,Ilya Samsonov, 925000
585,Isac Lundestrom, 925000
586,J.T. Compher, 925000
587,Jacob Nilsson, 925000
588,Jake Evans, 925000
589,Jake Walman, 925000
590,Jakob Chychrun, 925000
591,Jayce Hawryluk, 925000
592,Jesperi Kotkaniemi, 925000
593,Jesse Puljujarvi, 925000
594,Joel Persson, 925000
595,Jonathan Dahlen, 925000
596,Jordan Gross, 925000
597,Joseph Anderson, 925000
598,Josh Dickinson, 925000
599,Josh Teves, 925000
600,Juuso Ikonen, 925000
601,Juuso Riikola, 925000
602,Kevin Lankinen, 925000
603,Kiefer Sherwood, 925000
604,Kristian Vesalainen, 925000
605,Kyle Connor, 925000
606,Lawrence Pilut, 925000
607,Liam Foudy, 925000
608,Logan O'Connor, 925000
609,Louie Belpedio, 925000
610,Lucas Johansen, 925000
611,Luke Kunin, 925000
612,MacKenzie Entwistle, 925000
613,Martin Kaut, 925000
614,Matej Pekar, 925000
615,Matiss Kivlenieks, 925000
616,Matthew Tkachuk, 925000
617,Max Veronneau, 925000
618,Mitch Reinke, 925000
619,Neal Pionk, 925000
620,Nick Desimone, 925000
621,Nico Hischier, 925000
622,Nicolas Beaudin, 925000
623,Noah Dobson, 925000
624,Nolan Patrick, 925000
625,Oskar Lindblom, 925000
626,Par Lindholm, 925000
627,Patrik Rybar, 925000
628,Pavel Buchnevich, 925000
629,Pierre Engvall, 925000
630,Rasmus Dahlin, 925000
631,Rasmus Kupari, 925000
632,Rasmus Sandin, 925000
633,Ross Colton, 925000
634,Ryan Kuffner, 925000
635,Ryan Lindgren, 925000
636,Ryan Merkley, 925000
637,Saku Maenalanen, 925000
638,Samuel Vigneault, 925000
639,Sebastian Aho, 925000
640,Sergei Shumakov, 925000
641,Shane Gersich, 925000
642,Sheldon Dries, 925000
643,Sheldon Rempal, 925000
644,Spencer Foo, 925000
645,Tage Thompson, 925000
646,Taro Hirose, 925000
647,Thatcher Demko, 925000
648,Trent Frederic, 925000
649,Trevor Moore, 925000
650,Troy Terry, 925000
651,Ty Dellandrea, 925000
652,Ty Smith, 925000
653,Tyler Motte, 925000
654,Urho Vaakanainen, 925000
655,Ville Meskanen, 925000
656,Vincent Praplan, 925000
657,Vinni Lettieri, 925000
658,Will Butcher, 925000
659,Yannick Rathgeb, 925000
660,Zach Aston-Reese, 925000
661,Zach Whitecloud, 925000
662,Zachary Werenski, 925000
663,Ziyat Paigin, 925000
664,Bogdan Kiselevich, 925000
665,Charlie McAvoy, 916667
666,Jakob Forsbacka Karlsson, 916667
667,Adam Gaudette, 916666
668,Jordan Greenway, 916666
669,Quinn Hughes, 916666
670,Joonas Korpisalo, 900000
671,Brett Kulak, 900000
672,Chris Thorburn, 900000
673,Dylan DeMelo, 900000
674,Korbinian Holzer, 900000
675,Mackenzie Weegar, 900000
676,Magnus Paajarvi, 900000
677,Mike Vecchione, 900000
678,Jacob De La Rose, 900000
679,Ryan Donato, 900000
680,Alexandre Texier, 897500
681,Cody Glass, 894167
682,Eeli Tolvanen, 894167
683,Erik Brannstrom, 894167
684,Filip Chytil, 894167
685,German Rubtsov, 894167
686,Ivan Provorov, 894167
687,Juuso Valimaki, 894167
688,Kailer Yamamoto, 894167
689,Kieffer Bellows, 894167
690,Klim Kostin, 894167
691,Lias Andersson, 894167
692,Martin Necas, 894167
693,Michael Rasmussen, 894167
694,Miro Heiskanen, 894167
695,Morgan Frost, 894167
696,Nick Suzuki, 894167
697,Owen Tippett, 894167
698,Pierre-Olivier Joseph, 894167
699,Robert Thomas, 894167
700,Timothy Liljegren, 894167
701,Adrian Kempe, 894166
702,Anthony Beauvillier, 894166
703,Denis Guryanov, 894166
704,Gabriel Carlsson, 894166
705,Jack Roslovic, 894166
706,Jacob Larsson, 894166
707,Joel Eriksson Ek, 894166
708,Lawson Crouse, 894166
709,Mikhail Sergachev, 894166
710,Mikko Rantanen, 894166
711,Mitchell Marner, 894166
712,Pavel Zacha, 894166
713,Pierre-Luc Dubois, 894166
714,Timo Meier, 894166
715,Travis Konecny, 894166
716,Kole Lind, 891666
717,Brock McGinn, 887500
718,Clayton Keller, 885833
719,Tyson Jost, 885833
720,Hampus Gustafsson, 883750
721,Mason Mitchell, 883750
722,Dylan Sadowy, 880833
723,Ryan Collins, 880833
724,Jason Dickinson, 875000
725,Ryan Hartman, 875000
726,Zachary Sanford, 875000
727,C.J. Smith, 874125
728,Chris Bigras, 874125
729,Daniel O'Regan, 874125
730,Hudson Fasching, 874125
731,Kevin Roy, 874125
732,Michael Kapla, 874125
733,Michael McCarron, 874125
734,Nicolas Petan, 874125
735,Rob O'Gara, 874125
736,Danton Heinen, 872500
737,Gustav Forsling, 872500
738,Maximilian Kammerer, 870000
739,Ryan Mantha, 870000
740,Kody Clark, 870000
741,Slater Koekkoek, 865000
742,Alexander Volkov, 864167
743,Kevin Stenlund, 864167
744,Will Borgen, 864166
745,Jakub Vrana, 863334
746,Alexander Nylander, 863333
747,Anthony DeAngelo, 863333
748,Brendan Perlini, 863333
749,Brett Howden, 863333
750,Dylan Strome, 863333
751,Evgeni Svechnikov, 863333
752,Haydn Fleury, 863333
753,Jake Bean, 863333
754,Jake Debrusk, 863333
755,Jakub Zboril, 863333
756,Josh Ho-Sang, 863333
757,Julien Gauthier, 863333
758,Julius Honka, 863333
759,Kasperi Kapanen, 863333
760,Kevin Fiala, 863333
761,Logan Brown, 863333
762,Logan Stanley, 863333
763,Mathew Barzal, 863333
764,Max Jones, 863333
765,Michael Dal Colle, 863333
766,Michael McLeod, 863333
767,Nick Merkley, 863333
768,Nikita Scherbak, 863333
769,Nikolay Goldobin, 863333
770,Noah Juulsen, 863333
771,Olli Juolevi, 863333
772,Sam Steel, 863333
773,Sonny Milano, 863333
774,Thomas Chabot, 863333
775,Travis Dermott, 863333
776,Travis Sanheim, 863333
777,Zachary Senyshyn, 863333
778,Axel Jonsson Fjallby, 860000
779,Josh Healey, 858750
780,Dmitri Samorukov, 855833
781,Nicolas Meloche, 853333
782,Lukas Jasek, 853333
783,Mirco Mueller, 850000
784,Curtis McElhinney, 850000
785,Garnet Hathaway, 850000
786,Troy Brouwer, 850000
787,Ville Husso, 847500
788,Zack MacEwen, 847500
789,Rasmus Asplund, 845000
790,Angus Redmond, 842500
791,Janne Kuokkanen, 842500
792,Jeremy Bracco, 842500
793,Niko Mikkola, 842500
794,Nolan Stevens, 842500
795,Artturi Lehkonen, 839166
796,Brendan Lemieux, 839166
797,Christian Dvorak, 839166
798,Yan-Pavel Laplante, 836666
799,Gabriel Fortier, 836666
800,Martin Fehervary, 836666
801,Marcus Hogberg, 835000
802,Jake Bischoff, 833750
803,Libor Sulak, 833750
804,Matt Roy, 833750
805,Maxim Letunov, 833750
806,Mitch Hults, 833750
807,Victor Ejdsell, 833750
808,Anthony Angello, 833750
809,Brian Pinho, 833750
810,Michael Eyssimont, 833750
811,Mitchell Stephens, 833333
812,Vladislav Kamenev, 833333
813,Boris Katchouk, 833333
814,Libor Hajek, 833333
815,Taylor Raddysh, 833333
816,Jérémy Roy, 827500
817,Axel Andersson, 825833
818,Jason Robertson, 825833
819,Niclas Westerholm, 825833
820,Michael DiPietro, 825833
821,Petrus Palmu, 825833
822,Lukas Sedlak, 825000
823,Micheal Haley, 825000
824,Alex Biega, 825000
825,Paul LaDue, 825000
826,Mason McDonald, 822500
827,Nicolas Hague, 822500
828,Mitch Eliot, 822500
829,Christian Fischer, 821666
830,Michael Downing, 820000
831,Ian Scott, 820000
832,Maxime Comtois, 820000
833,Shane Starrett, 817500
834,Jakub Lauko, 817500
835,Nathan Schnarr, 817500
836,Nolan Vesey, 817500
837,Riley Sutter, 817500
838,Jonah Gadjovich, 814167
839,Nick Jensen, 812500
840,Casey Nelson, 812500
841,Isaac Ratcliffe, 811667
842,Roope Hintz, 811667
843,Alex Nedeljkovic, 811666
844,John Quenneville, 811666
845,Drew Stafford, 810000
846,Dryden Hunt, 809166
847,Josh Brook, 809166
848,Patrick Bajkov, 809166
849,Dominik Masin, 808333
850,Tyler Benson, 808333
851,William Bitten, 805000
852,Maksim Sushko, 804166
853,Matthew Strome, 804166
854,Tobias Geisser, 803333
855,Linus Soderstrom, 803333
856,Ryan Gropp, 802500
857,Jonathon Martin, 800833
858,Griffin Reinhart, 800000
859,Adam Erne, 800000
860,Calvin Pickard, 800000
861,Christian Folin, 800000
862,Dalton Prout, 800000
863,David Rittich, 800000
864,Jake Dotchin, 800000
865,Luke Schenn, 800000
866,Marko Dano, 800000
867,Martin Marincin, 800000
868,Nikita Soshnikov, 800000
869,Travis Boyd, 800000
870,Ty Rattie, 800000
871,Semyon Der-Arguchintsev, 800000
872,Jack Studnicka, 800000
873,Ryan MacInnis, 797500
874,Keaton Thompson, 795000
875,Ryan Fitzgerald, 792500
876,Alexander Georgiev, 792500
877,C.J. Suess, 792500
878,Cam Johnson, 792500
879,Jared McIsaac, 792500
880,Justin Kloos, 792500
881,Kristofers Bindulis, 792500
882,Bode Wilde, 792500
883,Cameron Hughes, 792500
884,Felix Sandstrom, 792500
885,Lucas Carlsson, 792500
886,Lukas Vejdemo, 792500
887,Mason Shaw, 792500
888,Ukko-Pekka Luukkonen, 792500
889,Brandon Carlo, 789167
890,Andreas Johnsson, 787500
891,Laurent Dauphin, 787500
892,Nicholas Baptiste, 787500
893,Sean Malone, 787500
894,Otto Koivula, 786666
895,Mikhail Vorobyov, 784167
896,Emil Johansson, 784167
897,Stuart Skinner, 784166
898,Pascal Laberge, 780833
899,Michael Brodzinski, 778333
900,Alex DeBrincat, 778333
901,Alexei Lipanov, 778333
902,Dillon Dube, 778333
903,Andreas Englund, 775833
904,Matthew Highmore, 775833
905,Nathan Noel, 775833
906,Alexander Chmelevski, 775833
907,Antoine Morand, 775833
908,Carsen Twarynski, 775833
909,David Quenneville, 775833
910,Filip Hallander, 775833
911,Glenn Gawdin, 775833
912,Gustav Lindstrom, 775833
913,Igor Sharangovich, 775833
914,Igor Shvyryov, 775833
915,Jake Leschyshyn, 775833
916,Jakub Skarek, 775833
917,Jesper Lindgren, 775833
918,Linus Olund, 775833
919,Marian Studenic, 775833
920,Matt Villalta, 775833
921,Anthony Louis, 775000
922,Sami Niku, 775000
923,Tucker Poolman, 775000
924,Ivan Chekhovich, 773333
925,Lucas Elveness, 773333
926,Riley Stillman, 773333
927,Brandon Halverson, 772500
928,Cale Fleury, 771666
929,Alexey Toropchenko, 770833
930,Kirill Maksimov, 770833
931,Ostap Safin, 770833
932,Tyler Steenbergen, 770833
933,Brandon Crawley, 770000
934,Ivan Lodnia, 770000
935,Evan Fitzpatrick, 770000
936,Reid Duke, 770000
937,Sebastian Aho, 770000
938,Olle Eriksson, 769166
939,David Kase, 768333
940,Jake McGrew, 768333
941,Jonathan Davidsson, 768333
942,Noah Gregor, 768333
943,Collin Delia, 767500
944,Filip Sandberg, 767500
945,Vince Pedrie, 767500
946,Andrew Sturtz, 767500
947,Filip Pyrochta, 767500
948,Jansen Harkins, 767500
949,Jens Looke, 767500
950,Joni Tuulola, 767500
951,Luc Snuggerud, 767500
952,Mason Marchment, 767500
953,Merrick Madsen, 767500
954,Miroslav Svoboda, 767500
955,Sam Lafferty, 767500
956,Tony Calderone, 767500
957,Victor Olofsson, 767500
958,Wiley Sherman, 767500
959,Kaapo Kahkonen, 767500
960,Jalen Chatfield, 765000
961,Jean-Christophe Beaudin, 765000
962,Dmitry Sokolov, 765000
963,Josh Anderson, 765000
964,Marcus Pettersson, 764166
965,Alexander True, 763333
966,Morgan Geekie, 763333
967,Otto Somppi, 763333
968,Paul Cotter, 763333
969,Vladislav Kotkov, 763333
970,Kale Clague, 761667
971,Filip Gustavsson, 761667
972,Sean Day, 761667
973,Benjamin Gleason, 761666
974,Jeremy Helvig, 761666
975,Anthony Stolarz, 761250
976,Alex Barre-Boulet, 759258
977,Adam Brooks, 759167
978,Alex Dostie, 759167
979,Austin Wagner, 759167
980,Christoffer Ehn, 759167
981,Connor Ingram, 759167
982,Jonas Johansson, 759167
983,Maxime Fortier, 759167
984,Rudolfs Balcers, 759167
985,Tyler Parsons, 759167
986,Aaron Luchuk, 759166
987,Austin Strand, 759166
988,Cameron Hebig, 759166
989,Jayden Halbgewachs, 759166
990,Adam Mascherin, 758333
991,Jordan Kyrou, 758333
992,Mikhail Berdin, 758333
993,Maxim Mamin, 757500
994,Brett Seney, 757500
995,Rasmus Andersson, 755833
996,Christian Jaros, 755000
997,Dane Birks, 755000
998,Aleksi Saarela, 753333
999,Alex Formenton, 753333
1000,Alexandre Alain, 753333
1001,Hayden Verbeek, 753333
1002,Joël Teasdale, 753333
1003,Joona Koppanen, 753333
1004,Yegor Zamula, 753333
1005,Zachary Magwood, 753333
1006,Colby Williams, 751000
1007,Jacob Graves, 750833
1008,Justin Scott, 750833
1009,Carl Dahlstrom, 750833
1010,Ty Ronning, 750833
1011,Anton Forsberg, 750000
1012,Brendan Gaunce, 750000
1013,Linus Ullmark, 750000
1014,Luke Witkowski, 750000
1015,Tanner Kero, 750000
1016,Alex Lyon, 750000
1017,Ben Street, 750000
1018,Curtis McKenzie, 750000
1019,Daniel Carr, 750000
1020,Daniel Sprong, 750000
1021,Dominik Simon, 750000
1022,Harri Sateri, 750000
1023,Jon Gillies, 750000
1024,Mark Letestu, 750000
1025,Miikka Salomaki, 750000
1026,Phillip Di Giuseppe, 750000
1027,Charlie Lindgren, 750000
1028,Dereck Baribeau, 750000
1029,Jacob MacDonald, 750000
1030,John Hayden, 750000
1031,Austin Poganski, 750000
1032,Karson Kuhlman, 750000
1033,Lukas Radil, 750000
1034,Michael Spacek, 750000
1035,Dawson Leedahl, 749167
1036,Jesper Bratt, 749167
1037,Mark Friedman, 749167
1038,Ben Jones, 748333
1039,Victor Mete, 748333
1040,Jérémy Lauzon, 747500
1041,Paul Bittner, 747500
1042,Warren Foegele, 746667
1043,Niklas Hansson, 745833
1044,Roland McKeown, 745000
1045,Kyle Capobianco, 745000
1046,Cameron Dineen, 745000
1047,Cliff Pu, 745000
1048,Cole Kehler, 745000
1049,Dylan Wells, 745000
1050,Garrett Pilon, 745000
1051,Jack Kopacka, 745000
1052,Jaret Anderson-Dolan, 745000
1053,John Nyberg, 745000
1054,Jonathan Ang, 745000
1055,Joshua Mahura, 745000
1056,Sean Walker, 745000
1057,Brad Morrison, 743333
1058,Devante Stephens, 743333
1059,Michael Pezzetta, 743333
1060,Gabriel Gagné, 742500
1061,Peter Cehlarik, 742500
1062,Emil Pettersson, 742500
1063,Jeff Taylor, 742500
1064,Matheson Iacopelli, 742500
1065,Callum Booth, 741667
1066,Mason Appleton, 741667
1067,Skyler McKenzie, 741667
1068,Spencer Smallman, 741667
1069,William Lagesson, 741667
1070,Ivan Barbashyov, 741666
1071,A.J. Greer, 741666
1072,Luke Green, 741666
1073,Travis Barron, 741666
1074,Sebastian Repo, 740000
1075,Tanner Kaspick, 739167
1076,Nicholas Caamano, 738333
1077,Parker Kelly, 736667
1078,Beck Malenstyn, 736667
1079,Connor Bunnaman, 736667
1080,Drake Batherson, 736667
1081,Gabriel Fontaine, 736667
1082,Joachim Blichfeld, 736667
1083,Manuel Wiederer, 736667
1084,Jesse Gabrielle, 736666
1085,Remi Elie, 735000
1086,Jacob Middleton, 735000
1087,Tyler Vesel, 735000
1088,Jake Guentzel, 734166
1089,Chaz Reddekopp, 733333
1090,Drake Rymsha, 733333
1091,Matthew Phillips, 733333
1092,Adam Musil, 732500
1093,Parker Wotherspoon, 732500
1094,Oliver Kylington, 730833
1095,Yakov Trenin, 730833
1096,Julius Nattinen, 730833
1097,Carter Hart, 730833
1098,Vitalii Abramov, 730833
1099,Darren Raddysh, 730000
1100,Timmy Gettinger, 730000
1101,Anthony Cirelli, 728333
1102,Colton White, 728333
1103,Daniel Vladar, 728333
1104,Dennis Yan, 728333
1105,Deven Sideroff, 728333
1106,Filip Chlapik, 728333
1107,Graham Knott, 728333
1108,Mathieu Joseph, 728333
1109,Matthew Spencer, 728333
1110,Mitchell Vande Sompel, 728333
1111,Samuel Girard, 728333
1112,Sergei Zborovskiy, 728333
1113,Steven Lorentz, 728333
1114,Blake Speers, 728333
1115,Antoine Waked, 726667
1116,Adin Hill, 725833
1117,Joshua Jacobs, 725833
1118,Samuel Montembeault, 725833
1119,Gustav Olofsson, 725000
1120,Dante Salituro, 725000
1121,Noel Acciari, 725000
1122,Vincent LoVerde, 725000
1123,Zac Dalpe, 725000
1124,Ben Sexton, 725000
1125,Mike Reilly, 725000
1126,Reid Boucher, 725000
1127,William Carrier, 725000
1128,Dean Kukan, 725000
1129,Joseph Gambardella, 725000
1130,Mark Alt, 725000
1131,Nick Seeler, 725000
1132,Ben Harpur, 725000
1133,Connor Clifton, 725000
1134,Doyle Somerby, 725000
1135,Michael Prapavessis, 725000
1136,Jérémy Groleau, 723333
1137,Josef Korenar, 723333
1138,Joel L'Esperance, 722500
1139,Vince Dunn, 722500
1140,Gemel Smith, 720000
1141,Taylor Leier, 720000
1142,Caleb Jones, 720000
1143,Connor Hobbs, 720000
1144,Ethan Bear, 720000
1145,Gustav Bouramman, 720000
1146,Nicolas Roy, 720000
1147,Scott Eansor, 720000
1148,Evan Cormier, 718333
1149,Alex Schoenborn, 717500
1150,Anton Lindholm, 717500
1151,Eric Cornel, 717500
1152,Juho Lammikko, 717500
1153,Justin Kirkland, 717500
1154,Kevin Labanc, 717500
1155,Kyle Wood, 717500
1156,Luke Johnson, 717500
1157,Mike Amadio, 717500
1158,Robin Norell, 717500
1159,Thomas Schemitsch, 717500
1160,Dylan Coghlan, 716667
1161,Dylan Ferguson, 716667
1162,Oleg Sosunov, 716667
1163,Ty Lewis, 716667
1164,Alex D'Orio, 716666
1165,Brennan Menell, 716666
1166,Jordan Bellerive, 716666
1167,Kaden Fulcher, 716666
1168,Kyle Keyser, 716666
1169,Danick Martel, 715000
1170,Greg McKegg, 715000
1171,Justin Bailey, 715000
1172,MIchael Bunting, 715000
1173,Philippe Desrosiers, 715000
1174,Reece Willcox, 715000
1175,Trevor Murphy, 715000
1176,Tyrell Goulbourne, 715000
1177,Calvin Thurkauf, 715000
1178,Gage Quinney, 715000
1179,Brandon Gignac, 714167
1180,Filip Hronek, 714167
1181,Frederic Allard, 714167
1182,Givani Smith, 714167
1183,Nathan Bastian, 714167
1184,Julius Bergman, 714166
1185,Vitek Vanecek, 714166
1186,Jonas Siegenthaler, 714166
1187,Nelson Nogier, 713333
1188,Tanner Jeannot, 713333
1189,Brett Pollock, 711666
1190,Jonne Tammela, 710370
1191,Maxime Lajoie, 710000
1192,Ryan Lomberg, 710000
1193,Sam Miletic, 710000
1194,Cristoval Nieves, 708750
1195,Steven Fogarty, 708750
1196,Bokondji Imama, 706667
1197,Jacob Moverare, 706667
1198,Alexandre Fortin, 706666
1199,Jack Rodewald, 706250
1200,Spencer Watson, 705833
1201,Adam Helewka, 705000
1202,Andrew Mangiapane, 705000
1203,Chris Martenet, 703333
1204,Francis Perron, 703333
1205,Keegan Kolesar, 702500
1206,Giovanni Fiore, 701667
1207,Ondrej Vala, 701667
1208,Adam Clendening, 700000
1209,Alan Quine, 700000
1210,Alex Broadhurst, 700000
1211,Andrew Poturalski, 700000
1212,Buddy Robinson, 700000
1213,Cal O'Reilly, 700000
1214,Dakota Mermis, 700000
1215,Eric Gryba, 700000
1216,Erik Condra, 700000
1217,Fredrik Claesson, 700000
1218,Jean-François Bérubé, 700000
1219,Jordan Schmaltz, 700000
1220,Julian Melchiori, 700000
1221,Kenneth Agostino, 700000
1222,Kevin Gravel, 700000
1223,Kevin Rooney, 700000
1224,Kyle Rau, 700000
1225,Landon Ferraro, 700000
1226,Marcus Hogstrom, 700000
1227,Marcus Sorensen, 700000
1228,Mario Kempe, 700000
1229,Mathias Bau, 700000
1230,Matt Hendricks, 700000
1231,Mike McKenna, 700000
1232,Mitch Callahan, 700000
1233,Morgan Klimchuk, 700000
1234,Nick Lappin, 700000
1235,Oskar Sundqvist, 700000
1236,Patrick Russell, 700000
1237,Paul Carey, 700000
1238,Ryan Stanton, 700000
1239,Samuel Morin, 700000
1240,Scott Wedgewood, 700000
1241,Tom Kuhnhackl, 700000
1242,Trevor Carrick, 700000
1243,Tyler Wotherspoon, 700000
1244,Xavier Ouellet, 700000
1245,Patrick Sieloff, 700000
1246,Conner Bleackley, 700000
1247,Devon Toews, 700000
1248,Turner Elson, 700000
1249,Stepan Falkovsky, 698333
1250,Landon Bow, 697500
1251,Andrew Nielsen, 697500
1252,Brendan Guhle, 697500
1253,Erik Cernak, 697500
1254,Guillaume Brisebois, 697500
1255,Luke Opilka, 697500
1256,Mackenzie Blackwood, 697500
1257,Rourke Chartier, 697500
1258,Vili Saarijarvi, 697500
1259,Colby Sissons, 696667
1260,Blake Siebenaler, 695000
1261,Jack Dougherty, 695000
1262,Clark Bishop, 695000
1263,John Stevens, 695000
1264,Joshua Wesley, 695000
1265,Dmytro Timashov, 693333
1266,Kole Sherwood, 693333
1267,Andrew Welinski, 690000
1268,Pavel Francouz, 690000
1269,Ben Thomas, 690000
1270,Colin Larkin, 690000
1271,Denis Malgin, 690000
1272,Lane Pederson, 690000
1273,Alexandre Carrier, 688333
1274,Anthony Richard, 688333
1275,J.T. Brown, 687500
1276,Axel Holmstrom, 686667
1277,Brayden Point, 686667
1278,Dominic Turgeon, 686667
1279,Chase Lang, 686666
1280,Jalen Smereck, 686666
1281,Brycen Martin, 685000
1282,Sergei Boikov, 681666
1283,Nicolas Aube-Kubel, 680833
1284,Joseph Blandisi, 680000
1285,Conor Garland, 680000
1286,Julien Nantel, 680000
1287,Dysin Mayo, 678333
1288,Pavel Jenys, 678333
1289,Philippe Myers, 678333
1290,Andy Andreoff, 677500
1291,Matt Luff, 676666
1292,David Warsofsky, 675000
1293,Garret Sparks, 675000
1294,Josh Archibald, 675000
1295,Jujhar Khaira, 675000
1296,Markus Hannikainen, 675000
1297,Michael Carcone, 675000
1298,Peter Holland, 675000
1299,Scott Harrington, 675000
1300,Chris Terry, 675000
1301,Logan Shaw, 675000
1302,Zac Leslie, 675000
1303,Antoine Bibeau, 675000
1304,Ashton Sautner, 675000
1305,Brian Strait, 675000
1306,Casey DeSmith, 675000
1307,Christopher Gibson, 675000
1308,Colby Cave, 675000
1309,Colin Blackwell, 675000
1310,Colton Beck, 675000
1311,Dillon Simpson, 675000
1312,Frédérik Gauthier, 675000
1313,Jack Campbell, 675000
1314,Joey LaLeggia, 675000
1315,Josh Brown, 675000
1316,Josh Currie, 675000
1317,Justin Holl, 675000
1318,Kasimir Kaskisuo, 675000
1319,Keegan Lowe, 675000
1320,Kevin Boyle, 675000
1321,Kurtis MacDermid, 675000
1322,Kyle Burroughs, 675000
1323,Lucas Wallmark, 675000
1324,Matt Donovan, 675000
1325,Matt Irwin, 675000
1326,Matt Lorito, 675000
1327,Matt Puempel, 675000
1328,Michael Chaput, 675000
1329,Michael Liambas, 675000
1330,Michael Mersch, 675000
1331,Nathan Gerbe, 675000
1332,NIck Schneider, 675000
1333,Oscar Dansk, 675000
1334,Paul Thompson, 675000
1335,Radel Fazleyev, 675000
1336,Radim Simek, 675000
1337,Richard Bachman, 675000
1338,Ryan Haggerty, 675000
1339,Sam Anas, 675000
1340,Seth Helgeson, 675000
1341,T.J. Brennan, 675000
1342,Travis St-Denis, 675000
1343,Tristan Jarry, 675000
1344,Tyler Lewington, 675000
1345,Valentin Zykov, 675000
1346,Yannick Weber, 675000
1347,Brandon Baddock, 673333
1348,Samuel Blais, 673333
1349,Daniel Audette, 668333
1350,Blake Pietila, 667500
1351,Anthony Greco, 667500
1352,Frederick Gaudreau, 666667
1353,Michael McNiven, 666666
1354,Joe Cannata, 665000
1355,Evan McEneny, 657500
1356,Cavan Fitzgerald, 656667
1357,Macoy Erkamps, 655000
1358,Brett Lernout, 653333
1359,Aaron Ness, 650000
1360,Adam Cracknell, 650000
1361,Adam Tambellini, 650000
1362,Adam Wilcox, 650000
1363,Alex Chiasson, 650000
1364,Alex Gallant, 650000
1365,Alex Lintuniemi, 650000
1366,Alex Stalock, 650000
1367,Andreas Martinsen, 650000
1368,Andrew Agozzino, 650000
1369,Andrew Campbell, 650000
1370,Andrew Hammond, 650000
1371,Anthony Bitetto, 650000
1372,Anthony Duclair, 650000
1373,Anthony Peluso, 650000
1374,Anton Blidh, 650000
1375,Barclay Goodrow, 650000
1376,Brad Hunt, 650000
1377,Bradley Malone, 650000
1378,Brandon Davidson, 650000
1379,Brandon Pirri, 650000
1380,Brendan Leipsic, 650000
1381,Brian Flynn, 650000
1382,Brian Lashoff, 650000
1383,Brooks Macek, 650000
1384,Byron Froese, 650000
1385,Cameron Gaunce, 650000
1386,Cameron Schilling, 650000
1387,Carter Verhaeghe, 650000
1388,Chad Ruhwedel, 650000
1389,Chandler Stephenson, 650000
1390,Charles Hudon, 650000
1391,Chase Balisy, 650000
1392,Chase De Leo, 650000
1393,Chris Butler, 650000
1394,Chris Driedger, 650000
1395,Chris Mueller, 650000
1396,Chris Summers, 650000
1397,Christian Djoos, 650000
1398,Cody Goloubef, 650000
1399,Cody McLeod, 650000
1400,Cole Bardreau, 650000
1401,Cole Schneider, 650000
1402,Connor Brickley, 650000
1403,Corban Knight, 650000
1404,Cory Conacher, 650000
1405,Daniel Renouf, 650000
1406,Daniel Walcott, 650000
1407,Darren Archibald, 650000
1408,David Ullstrom, 650000
1409,Derek Grant, 650000
1410,Dillon Heatherington, 650000
1411,Dustin Tokarski, 650000
1412,Dylan McIlrath, 650000
1413,Eddie Lack, 650000
1414,Edward Pasquale, 650000
1415,Eric Comrie, 650000
1416,Eric Tangradi, 650000
1417,Erik Burgdoerfer, 650000
1418,Ethan Prow, 650000
1419,Evan Rodrigues, 650000
1420,Gabriel Dumont, 650000
1421,Garrett Wilson, 650000
1422,Greg Carey, 650000
1423,Hunter Shinkaruk, 650000
1424,J.C. Lipon, 650000
1425,Jake Chelios, 650000
1426,Jared Coreau, 650000
1427,Jarred Tinordi, 650000
1428,Jason Garrison, 650000
1429,Jaycob Megna, 650000
1430,Jayson Megna, 650000
1431,Jean-Sebastien Dea, 650000
1432,Jeremy Smith, 650000
1433,Jim O'Brien, 650000
1434,Jimmy Hayes, 650000
1435,Jimmy Oligny, 650000
1436,Joakim Ryan, 650000
1437,Joel Hanley, 650000
1438,John Gilmour, 650000
1439,John Muse, 650000
1440,John Ramage, 650000
1441,Jonny Brodzinski, 650000
1442,Jordan Binnington, 650000
1443,Jordan Nolan, 650000
1444,Jordan Oesterle, 650000
1445,Jordan Schroeder, 650000
1446,Jordan Subban, 650000
1447,Jordan Szwarz, 650000
1448,Joseph Cramarossa, 650000
1449,Josh Jooris, 650000
1450,Justin Dowling, 650000
1451,Justin Falk, 650000
1452,Kalle Kossila, 650000
1453,Ken Appleby, 650000
1454,Kerby Rychel, 650000
1455,Kevin Czuczman, 650000
1456,Kevin Lynch, 650000
1457,Kevin Porter, 650000
1458,Kurtis Gabriel, 650000
1459,Kyle Criscuolo, 650000
1460,Laurent Brossoit, 650000
1461,Lee Stempniak, 650000
1462,Liam O'Brien, 650000
1463,Ludwig Bystrom, 650000
1464,MacKenzie MacEachern, 650000
1465,Malcolm Subban, 650000
1466,Marek Mazanec, 650000
1467,Mark McNeill, 650000
1468,Mason Geertsen, 650000
1469,Matt Bartkowski, 650000
1470,Matt Cullen, 650000
1471,Matt Read, 650000
1472,Matt Taormina, 650000
1473,Matt Tennyson, 650000
1474,Max McCormick, 650000
1475,Maxime Lagace, 650000
1476,Michael Bournival, 650000
1477,Michael Sgarbossa, 650000
1478,Mike Leighton, 650000
1479,Mike Sislo, 650000
1480,Nate Prosser, 650000
1481,Nathan Walker, 650000
1482,Nic Dowd, 650000
1483,Nic Kerdiles, 650000
1484,Nick Paul, 650000
1485,Patrick Brown, 650000
1486,Pheonix Copley, 650000
1487,Philip Varone, 650000
1488,Pontus Aberg, 650000
1489,Reece Scarlett, 650000
1490,Riley Barber, 650000
1491,Rinat Valiev, 650000
1492,Robbie Russo, 650000
1493,Rocco Grimaldi, 650000
1494,Ryan Carpenter, 650000
1495,Ryan Graves, 650000
1496,Ryan Murphy, 650000
1497,Sam Carrick, 650000
1498,Scott Kosmachuk, 650000
1499,Seth Griffith, 650000
1500,Spencer Martin, 650000
1501,Stefan Elliott, 650000
1502,Stefan Matteau, 650000
1503,Stephen Gionta, 650000
1504,Steve Bernier, 650000
1505,Steve Oleksy, 650000
1506,Steven Kampfer, 650000
1507,T.J. Tynan, 650000
1508,Tanner Fritz, 650000
1509,Taylor Fedun, 650000
1510,Teddy Blueger, 650000
1511,Thomas Dipauli, 650000
1512,Tim Clifton, 650000
1513,Tim Heed, 650000
1514,Tobias Lindberg, 650000
1515,Tom McCollum, 650000
1516,Tomas Hyka, 650000
1517,Tommy Cross, 650000
1518,Troy Grosenick, 650000
1519,Tyler Ennis, 650000
1520,Tyler Gaudet, 650000
1521,Tyler Graovac, 650000
1522,Tyler Sikura, 650000
1523,Wade Megan, 650000
1524,Zac Rinaldo, 650000
1525,Zach Trotman, 650000
1526,Zachary Fucale, 650000
1527,Zack Mitchell, 650000
1528,Zane McIntyre, 650000
1529,Oscar Fantenberg, 650000
1530,Cody Donaghey, 641667
1531,Hunter Warner, 636667
1532,Joe Hicketts, 635000
